Ссылка,Название,Количество продаж,Изображения
https://www.wildberries.ru/catalog/244733060/detail.aspx,Куртка демисезонная короткая стеганая. Куртка женская,43499,"https://basket-16.wbbasket.ru/vol2447/part244733/244733060/images/big/1.webp
https://basket-16.wbbasket.ru/vol2447/part244733/244733060/images/big/2.webp
https://basket-16.wbbasket.ru/vol2447/part244733/244733060/images/big/3.webp
https://basket-16.wbbasket.ru/vol2447/part244733/244733060/images/big/4.webp
https://basket-16.wbbasket.ru/vol2447/part244733/244733060/images/big/5.webp
https://basket-16.wbbasket.ru/vol2447/part244733/244733060/images/big/6.webp
https://basket-16.wbbasket.ru/vol2447/part244733/244733060/images/big/7.webp
https://basket-16.wbbasket.ru/vol2447/part244733/244733060/images/big/8.webp
https://basket-16.wbbasket.ru/vol2447/part244733/244733060/images/big/9.webp
https://basket-16.wbbasket.ru/vol2447/part244733/244733060/images/big/10.webp
https://basket-16.wbbasket.ru/vol2447/part244733/244733060/images/big/11.webp
https://basket-16.wbbasket.ru/vol2447/part244733/244733060/images/big/12.webp
https://basket-16.wbbasket.ru/vol2447/part244733/244733060/images/big/13.webp
https://basket-16.wbbasket.ru/vol2447/part244733/244733060/images/big/14.webp
https://basket-16.wbbasket.ru/vol2447/part244733/244733060/images/big/15.webp
https://basket-16.wbbasket.ru/vol2447/part244733/244733060/images/big/16.webp
https://basket-16.wbbasket.ru/vol2447/part244733/244733060/images/big/17.webp
https://basket-16.wbbasket.ru/vol2447/part244733/244733060/images/big/18.webp
https://basket-16.wbbasket.ru/vol2447/part244733/244733060/images/big/19.webp
https://basket-16.wbbasket.ru/vol2447/part244733/244733060/images/big/20.webp
https://basket-16.wbbasket.ru/vol2447/part244733/244733060/images/big/21.webp
https://basket-16.wbbasket.ru/vol2447/part244733/244733060/images/big/22.webp
https://basket-16.wbbasket.ru/vol2447/part244733/244733060/images/big/23.webp
https://basket-16.wbbasket.ru/vol2447/part244733/244733060/images/big/24.webp"
https://www.wildberries.ru/catalog/168431456/detail.aspx,Куртка демисезонная короткая оверсайз,2214,"https://basket-12.wbbasket.ru/vol1684/part168431/168431456/images/big/1.webp
https://basket-12.wbbasket.ru/vol1684/part168431/168431456/images/big/2.webp
https://basket-12.wbbasket.ru/vol1684/part168431/168431456/images/big/3.webp
https://basket-12.wbbasket.ru/vol1684/part168431/168431456/images/big/4.webp
https://basket-12.wbbasket.ru/vol1684/part168431/168431456/images/big/5.webp
https://basket-12.wbbasket.ru/vol1684/part168431/168431456/images/big/6.webp
https://basket-12.wbbasket.ru/vol1684/part168431/168431456/images/big/7.webp
https://basket-12.wbbasket.ru/vol1684/part168431/168431456/images/big/8.webp
https://basket-12.wbbasket.ru/vol1684/part168431/168431456/images/big/9.webp
https://basket-12.wbbasket.ru/vol1684/part168431/168431456/images/big/10.webp
https://basket-12.wbbasket.ru/vol1684/part168431/168431456/images/big/11.webp
https://basket-12.wbbasket.ru/vol1684/part168431/168431456/images/big/12.webp
https://basket-12.wbbasket.ru/vol1684/part168431/168431456/images/big/13.webp
https://basket-12.wbbasket.ru/vol1684/part168431/168431456/images/big/14.webp
https://basket-12.wbbasket.ru/vol1684/part168431/168431456/images/big/15.webp
https://basket-12.wbbasket.ru/vol1684/part168431/168431456/images/big/16.webp"
https://www.wildberries.ru/catalog/118762310/detail.aspx,Косуха женская кожаная куртка осенняя,1914,"https://basket-09.wbbasket.ru/vol1187/part118762/118762310/images/big/1.webp
https://basket-09.wbbasket.ru/vol1187/part118762/118762310/images/big/2.webp
https://basket-09.wbbasket.ru/vol1187/part118762/118762310/images/big/3.webp
https://basket-09.wbbasket.ru/vol1187/part118762/118762310/images/big/4.webp
https://basket-09.wbbasket.ru/vol1187/part118762/118762310/images/big/5.webp
https://basket-09.wbbasket.ru/vol1187/part118762/118762310/images/big/6.webp
https://basket-09.wbbasket.ru/vol1187/part118762/118762310/images/big/7.webp
https://basket-09.wbbasket.ru/vol1187/part118762/118762310/images/big/8.webp
https://basket-09.wbbasket.ru/vol1187/part118762/118762310/images/big/9.webp
https://basket-09.wbbasket.ru/vol1187/part118762/118762310/images/big/10.webp
https://basket-09.wbbasket.ru/vol1187/part118762/118762310/images/big/11.webp
https://basket-09.wbbasket.ru/vol1187/part118762/118762310/images/big/12.webp
https://basket-09.wbbasket.ru/vol1187/part118762/118762310/images/big/13.webp
https://basket-09.wbbasket.ru/vol1187/part118762/118762310/images/big/14.webp"
https://www.wildberries.ru/catalog/137342117/detail.aspx,Куртка демисезонная короткая оверсайз,1819,"https://basket-10.wbbasket.ru/vol1373/part137342/137342117/images/big/1.webp
https://basket-10.wbbasket.ru/vol1373/part137342/137342117/images/big/2.webp
https://basket-10.wbbasket.ru/vol1373/part137342/137342117/images/big/3.webp
https://basket-10.wbbasket.ru/vol1373/part137342/137342117/images/big/4.webp
https://basket-10.wbbasket.ru/vol1373/part137342/137342117/images/big/5.webp
https://basket-10.wbbasket.ru/vol1373/part137342/137342117/images/big/6.webp"
https://www.wildberries.ru/catalog/310889355/detail.aspx,Куртка осень с капюшоном короткая оверсайз,1724,"https://basket-19.wbbasket.ru/vol3108/part310889/310889355/images/big/1.webp
https://basket-19.wbbasket.ru/vol3108/part310889/310889355/images/big/2.webp
https://basket-19.wbbasket.ru/vol3108/part310889/310889355/images/big/3.webp
https://basket-19.wbbasket.ru/vol3108/part310889/310889355/images/big/4.webp
https://basket-19.wbbasket.ru/vol3108/part310889/310889355/images/big/5.webp
https://basket-19.wbbasket.ru/vol3108/part310889/310889355/images/big/6.webp
https://basket-19.wbbasket.ru/vol3108/part310889/310889355/images/big/7.webp
https://basket-19.wbbasket.ru/vol3108/part310889/310889355/images/big/8.webp
https://basket-19.wbbasket.ru/vol3108/part310889/310889355/images/big/9.webp
https://basket-19.wbbasket.ru/vol3108/part310889/310889355/images/big/10.webp
https://basket-19.wbbasket.ru/vol3108/part310889/310889355/images/big/11.webp
https://basket-19.wbbasket.ru/vol3108/part310889/310889355/images/big/12.webp
https://basket-19.wbbasket.ru/vol3108/part310889/310889355/images/big/13.webp
https://basket-19.wbbasket.ru/vol3108/part310889/310889355/images/big/14.webp
https://basket-19.wbbasket.ru/vol3108/part310889/310889355/images/big/15.webp
https://basket-19.wbbasket.ru/vol3108/part310889/310889355/images/big/16.webp"
https://www.wildberries.ru/catalog/164105063/detail.aspx,Косуха кожаная куртка укороченная,1478,"https://basket-11.wbbasket.ru/vol1641/part164105/164105063/images/big/1.webp
https://basket-11.wbbasket.ru/vol1641/part164105/164105063/images/big/2.webp
https://basket-11.wbbasket.ru/vol1641/part164105/164105063/images/big/3.webp
https://basket-11.wbbasket.ru/vol1641/part164105/164105063/images/big/4.webp
https://basket-11.wbbasket.ru/vol1641/part164105/164105063/images/big/5.webp
https://basket-11.wbbasket.ru/vol1641/part164105/164105063/images/big/6.webp
https://basket-11.wbbasket.ru/vol1641/part164105/164105063/images/big/7.webp
https://basket-11.wbbasket.ru/vol1641/part164105/164105063/images/big/8.webp
https://basket-11.wbbasket.ru/vol1641/part164105/164105063/images/big/9.webp
https://basket-11.wbbasket.ru/vol1641/part164105/164105063/images/big/10.webp
https://basket-11.wbbasket.ru/vol1641/part164105/164105063/images/big/11.webp
https://basket-11.wbbasket.ru/vol1641/part164105/164105063/images/big/12.webp
https://basket-11.wbbasket.ru/vol1641/part164105/164105063/images/big/13.webp
https://basket-11.wbbasket.ru/vol1641/part164105/164105063/images/big/14.webp
https://basket-11.wbbasket.ru/vol1641/part164105/164105063/images/big/15.webp"
https://www.wildberries.ru/catalog/138287921/detail.aspx,Куртка демисезонная с капюшоном,1270,"https://basket-10.wbbasket.ru/vol1382/part138287/138287921/images/big/1.webp
https://basket-10.wbbasket.ru/vol1382/part138287/138287921/images/big/2.webp
https://basket-10.wbbasket.ru/vol1382/part138287/138287921/images/big/3.webp
https://basket-10.wbbasket.ru/vol1382/part138287/138287921/images/big/4.webp
https://basket-10.wbbasket.ru/vol1382/part138287/138287921/images/big/5.webp
https://basket-10.wbbasket.ru/vol1382/part138287/138287921/images/big/6.webp
https://basket-10.wbbasket.ru/vol1382/part138287/138287921/images/big/7.webp
https://basket-10.wbbasket.ru/vol1382/part138287/138287921/images/big/8.webp
https://basket-10.wbbasket.ru/vol1382/part138287/138287921/images/big/9.webp
https://basket-10.wbbasket.ru/vol1382/part138287/138287921/images/big/10.webp
https://basket-10.wbbasket.ru/vol1382/part138287/138287921/images/big/11.webp
https://basket-10.wbbasket.ru/vol1382/part138287/138287921/images/big/12.webp
https://basket-10.wbbasket.ru/vol1382/part138287/138287921/images/big/13.webp
https://basket-10.wbbasket.ru/vol1382/part138287/138287921/images/big/14.webp
https://basket-10.wbbasket.ru/vol1382/part138287/138287921/images/big/15.webp
https://basket-10.wbbasket.ru/vol1382/part138287/138287921/images/big/16.webp"
https://www.wildberries.ru/catalog/211694024/detail.aspx,Куртка демисезонная болоньевая оверсайз,1090,"https://basket-14.wbbasket.ru/vol2116/part211694/211694024/images/big/1.webp
https://basket-14.wbbasket.ru/vol2116/part211694/211694024/images/big/2.webp
https://basket-14.wbbasket.ru/vol2116/part211694/211694024/images/big/3.webp
https://basket-14.wbbasket.ru/vol2116/part211694/211694024/images/big/4.webp
https://basket-14.wbbasket.ru/vol2116/part211694/211694024/images/big/5.webp
https://basket-14.wbbasket.ru/vol2116/part211694/211694024/images/big/6.webp
https://basket-14.wbbasket.ru/vol2116/part211694/211694024/images/big/7.webp
https://basket-14.wbbasket.ru/vol2116/part211694/211694024/images/big/8.webp"
https://www.wildberries.ru/catalog/143722479/detail.aspx,Осенняя куртка короткая демисезонная,1000,"https://basket-10.wbbasket.ru/vol1437/part143722/143722479/images/big/1.webp
https://basket-10.wbbasket.ru/vol1437/part143722/143722479/images/big/2.webp
https://basket-10.wbbasket.ru/vol1437/part143722/143722479/images/big/3.webp
https://basket-10.wbbasket.ru/vol1437/part143722/143722479/images/big/4.webp
https://basket-10.wbbasket.ru/vol1437/part143722/143722479/images/big/5.webp
https://basket-10.wbbasket.ru/vol1437/part143722/143722479/images/big/6.webp
https://basket-10.wbbasket.ru/vol1437/part143722/143722479/images/big/7.webp
https://basket-10.wbbasket.ru/vol1437/part143722/143722479/images/big/8.webp
https://basket-10.wbbasket.ru/vol1437/part143722/143722479/images/big/9.webp
https://basket-10.wbbasket.ru/vol1437/part143722/143722479/images/big/10.webp"
https://www.wildberries.ru/catalog/175198445/detail.aspx,Куртка демисезонная оверсайз,751,"https://basket-12.wbbasket.ru/vol1751/part175198/175198445/images/big/1.webp
https://basket-12.wbbasket.ru/vol1751/part175198/175198445/images/big/2.webp
https://basket-12.wbbasket.ru/vol1751/part175198/175198445/images/big/3.webp
https://basket-12.wbbasket.ru/vol1751/part175198/175198445/images/big/4.webp
https://basket-12.wbbasket.ru/vol1751/part175198/175198445/images/big/5.webp
https://basket-12.wbbasket.ru/vol1751/part175198/175198445/images/big/6.webp
https://basket-12.wbbasket.ru/vol1751/part175198/175198445/images/big/7.webp
https://basket-12.wbbasket.ru/vol1751/part175198/175198445/images/big/8.webp
https://basket-12.wbbasket.ru/vol1751/part175198/175198445/images/big/9.webp
https://basket-12.wbbasket.ru/vol1751/part175198/175198445/images/big/10.webp
https://basket-12.wbbasket.ru/vol1751/part175198/175198445/images/big/11.webp
https://basket-12.wbbasket.ru/vol1751/part175198/175198445/images/big/12.webp
https://basket-12.wbbasket.ru/vol1751/part175198/175198445/images/big/13.webp
https://basket-12.wbbasket.ru/vol1751/part175198/175198445/images/big/14.webp
https://basket-12.wbbasket.ru/vol1751/part175198/175198445/images/big/15.webp
https://basket-12.wbbasket.ru/vol1751/part175198/175198445/images/big/16.webp
https://basket-12.wbbasket.ru/vol1751/part175198/175198445/images/big/17.webp
https://basket-12.wbbasket.ru/vol1751/part175198/175198445/images/big/18.webp"
https://www.wildberries.ru/catalog/453202438/detail.aspx,Куртка демисезонная короткая оверсайз черная,727,"https://basket-25.wbbasket.ru/vol4532/part453202/453202438/images/big/1.webp
https://basket-25.wbbasket.ru/vol4532/part453202/453202438/images/big/2.webp
https://basket-25.wbbasket.ru/vol4532/part453202/453202438/images/big/3.webp
https://basket-25.wbbasket.ru/vol4532/part453202/453202438/images/big/4.webp
https://basket-25.wbbasket.ru/vol4532/part453202/453202438/images/big/5.webp
https://basket-25.wbbasket.ru/vol4532/part453202/453202438/images/big/6.webp
https://basket-25.wbbasket.ru/vol4532/part453202/453202438/images/big/7.webp
https://basket-25.wbbasket.ru/vol4532/part453202/453202438/images/big/8.webp
https://basket-25.wbbasket.ru/vol4532/part453202/453202438/images/big/9.webp
https://basket-25.wbbasket.ru/vol4532/part453202/453202438/images/big/10.webp
https://basket-25.wbbasket.ru/vol4532/part453202/453202438/images/big/11.webp
https://basket-25.wbbasket.ru/vol4532/part453202/453202438/images/big/12.webp
https://basket-25.wbbasket.ru/vol4532/part453202/453202438/images/big/13.webp
https://basket-25.wbbasket.ru/vol4532/part453202/453202438/images/big/14.webp
https://basket-25.wbbasket.ru/vol4532/part453202/453202438/images/big/15.webp
https://basket-25.wbbasket.ru/vol4532/part453202/453202438/images/big/16.webp
https://basket-25.wbbasket.ru/vol4532/part453202/453202438/images/big/17.webp
https://basket-25.wbbasket.ru/vol4532/part453202/453202438/images/big/18.webp"
https://www.wildberries.ru/catalog/251190154/detail.aspx,Куртка короткая стеганая,565,"https://basket-16.wbbasket.ru/vol2511/part251190/251190154/images/big/1.webp
https://basket-16.wbbasket.ru/vol2511/part251190/251190154/images/big/2.webp
https://basket-16.wbbasket.ru/vol2511/part251190/251190154/images/big/3.webp
https://basket-16.wbbasket.ru/vol2511/part251190/251190154/images/big/4.webp
https://basket-16.wbbasket.ru/vol2511/part251190/251190154/images/big/5.webp
https://basket-16.wbbasket.ru/vol2511/part251190/251190154/images/big/6.webp
https://basket-16.wbbasket.ru/vol2511/part251190/251190154/images/big/7.webp"
https://www.wildberries.ru/catalog/462249771/detail.aspx,Куртка зимняя короткая с капюшоном,444,"https://basket-26.wbbasket.ru/vol4622/part462249/462249771/images/big/1.webp
https://basket-26.wbbasket.ru/vol4622/part462249/462249771/images/big/2.webp
https://basket-26.wbbasket.ru/vol4622/part462249/462249771/images/big/3.webp
https://basket-26.wbbasket.ru/vol4622/part462249/462249771/images/big/4.webp
https://basket-26.wbbasket.ru/vol4622/part462249/462249771/images/big/5.webp
https://basket-26.wbbasket.ru/vol4622/part462249/462249771/images/big/6.webp
https://basket-26.wbbasket.ru/vol4622/part462249/462249771/images/big/7.webp
https://basket-26.wbbasket.ru/vol4622/part462249/462249771/images/big/8.webp
https://basket-26.wbbasket.ru/vol4622/part462249/462249771/images/big/9.webp
https://basket-26.wbbasket.ru/vol4622/part462249/462249771/images/big/10.webp
https://basket-26.wbbasket.ru/vol4622/part462249/462249771/images/big/11.webp
https://basket-26.wbbasket.ru/vol4622/part462249/462249771/images/big/12.webp
https://basket-26.wbbasket.ru/vol4622/part462249/462249771/images/big/13.webp
https://basket-26.wbbasket.ru/vol4622/part462249/462249771/images/big/14.webp
https://basket-26.wbbasket.ru/vol4622/part462249/462249771/images/big/15.webp"
https://www.wildberries.ru/catalog/169746779/detail.aspx,Куртка короткая с капюшоном демисезонная,413,"https://basket-12.wbbasket.ru/vol1697/part169746/169746779/images/big/1.webp
https://basket-12.wbbasket.ru/vol1697/part169746/169746779/images/big/2.webp
https://basket-12.wbbasket.ru/vol1697/part169746/169746779/images/big/3.webp
https://basket-12.wbbasket.ru/vol1697/part169746/169746779/images/big/4.webp
https://basket-12.wbbasket.ru/vol1697/part169746/169746779/images/big/5.webp
https://basket-12.wbbasket.ru/vol1697/part169746/169746779/images/big/6.webp
https://basket-12.wbbasket.ru/vol1697/part169746/169746779/images/big/7.webp
https://basket-12.wbbasket.ru/vol1697/part169746/169746779/images/big/8.webp
https://basket-12.wbbasket.ru/vol1697/part169746/169746779/images/big/9.webp
https://basket-12.wbbasket.ru/vol1697/part169746/169746779/images/big/10.webp
https://basket-12.wbbasket.ru/vol1697/part169746/169746779/images/big/11.webp
https://basket-12.wbbasket.ru/vol1697/part169746/169746779/images/big/12.webp
https://basket-12.wbbasket.ru/vol1697/part169746/169746779/images/big/13.webp
https://basket-12.wbbasket.ru/vol1697/part169746/169746779/images/big/14.webp
https://basket-12.wbbasket.ru/vol1697/part169746/169746779/images/big/15.webp
https://basket-12.wbbasket.ru/vol1697/part169746/169746779/images/big/16.webp
https://basket-12.wbbasket.ru/vol1697/part169746/169746779/images/big/17.webp
https://basket-12.wbbasket.ru/vol1697/part169746/169746779/images/big/18.webp
https://basket-12.wbbasket.ru/vol1697/part169746/169746779/images/big/19.webp
https://basket-12.wbbasket.ru/vol1697/part169746/169746779/images/big/20.webp
https://basket-12.wbbasket.ru/vol1697/part169746/169746779/images/big/21.webp"
https://www.wildberries.ru/catalog/315813991/detail.aspx,Куртка короткая демисезонная,257,"https://basket-19.wbbasket.ru/vol3158/part315813/315813991/images/big/1.webp
https://basket-19.wbbasket.ru/vol3158/part315813/315813991/images/big/2.webp
https://basket-19.wbbasket.ru/vol3158/part315813/315813991/images/big/3.webp
https://basket-19.wbbasket.ru/vol3158/part315813/315813991/images/big/4.webp
https://basket-19.wbbasket.ru/vol3158/part315813/315813991/images/big/5.webp
https://basket-19.wbbasket.ru/vol3158/part315813/315813991/images/big/6.webp
https://basket-19.wbbasket.ru/vol3158/part315813/315813991/images/big/7.webp
https://basket-19.wbbasket.ru/vol3158/part315813/315813991/images/big/8.webp
https://basket-19.wbbasket.ru/vol3158/part315813/315813991/images/big/9.webp
https://basket-19.wbbasket.ru/vol3158/part315813/315813991/images/big/10.webp
https://basket-19.wbbasket.ru/vol3158/part315813/315813991/images/big/11.webp
https://basket-19.wbbasket.ru/vol3158/part315813/315813991/images/big/12.webp
https://basket-19.wbbasket.ru/vol3158/part315813/315813991/images/big/13.webp
https://basket-19.wbbasket.ru/vol3158/part315813/315813991/images/big/14.webp
https://basket-19.wbbasket.ru/vol3158/part315813/315813991/images/big/15.webp
https://basket-19.wbbasket.ru/vol3158/part315813/315813991/images/big/16.webp"
https://www.wildberries.ru/catalog/158418558/detail.aspx,Куртка демисезонная короткая черная,173,"https://basket-10.wbbasket.ru/vol1584/part158418/158418558/images/big/1.webp
https://basket-10.wbbasket.ru/vol1584/part158418/158418558/images/big/2.webp
https://basket-10.wbbasket.ru/vol1584/part158418/158418558/images/big/3.webp
https://basket-10.wbbasket.ru/vol1584/part158418/158418558/images/big/4.webp
https://basket-10.wbbasket.ru/vol1584/part158418/158418558/images/big/5.webp
https://basket-10.wbbasket.ru/vol1584/part158418/158418558/images/big/6.webp
https://basket-10.wbbasket.ru/vol1584/part158418/158418558/images/big/7.webp
https://basket-10.wbbasket.ru/vol1584/part158418/158418558/images/big/8.webp
https://basket-10.wbbasket.ru/vol1584/part158418/158418558/images/big/9.webp
https://basket-10.wbbasket.ru/vol1584/part158418/158418558/images/big/10.webp
https://basket-10.wbbasket.ru/vol1584/part158418/158418558/images/big/11.webp
https://basket-10.wbbasket.ru/vol1584/part158418/158418558/images/big/12.webp
https://basket-10.wbbasket.ru/vol1584/part158418/158418558/images/big/13.webp"
https://www.wildberries.ru/catalog/241884704/detail.aspx,Куртка зимняя короткая пуховик,25,"https://basket-16.wbbasket.ru/vol2418/part241884/241884704/images/big/1.webp
https://basket-16.wbbasket.ru/vol2418/part241884/241884704/images/big/2.webp
https://basket-16.wbbasket.ru/vol2418/part241884/241884704/images/big/3.webp
https://basket-16.wbbasket.ru/vol2418/part241884/241884704/images/big/4.webp
https://basket-16.wbbasket.ru/vol2418/part241884/241884704/images/big/5.webp
https://basket-16.wbbasket.ru/vol2418/part241884/241884704/images/big/6.webp
https://basket-16.wbbasket.ru/vol2418/part241884/241884704/images/big/7.webp
https://basket-16.wbbasket.ru/vol2418/part241884/241884704/images/big/8.webp
https://basket-16.wbbasket.ru/vol2418/part241884/241884704/images/big/9.webp
https://basket-16.wbbasket.ru/vol2418/part241884/241884704/images/big/10.webp
https://basket-16.wbbasket.ru/vol2418/part241884/241884704/images/big/11.webp
https://basket-16.wbbasket.ru/vol2418/part241884/241884704/images/big/12.webp
https://basket-16.wbbasket.ru/vol2418/part241884/241884704/images/big/13.webp
https://basket-16.wbbasket.ru/vol2418/part241884/241884704/images/big/14.webp
https://basket-16.wbbasket.ru/vol2418/part241884/241884704/images/big/15.webp
https://basket-16.wbbasket.ru/vol2418/part241884/241884704/images/big/16.webp
https://basket-16.wbbasket.ru/vol2418/part241884/241884704/images/big/17.webp
https://basket-16.wbbasket.ru/vol2418/part241884/241884704/images/big/18.webp
https://basket-16.wbbasket.ru/vol2418/part241884/241884704/images/big/19.webp
https://basket-16.wbbasket.ru/vol2418/part241884/241884704/images/big/20.webp
https://basket-16.wbbasket.ru/vol2418/part241884/241884704/images/big/21.webp
https://basket-16.wbbasket.ru/vol2418/part241884/241884704/images/big/22.webp
https://basket-16.wbbasket.ru/vol2418/part241884/241884704/images/big/23.webp
https://basket-16.wbbasket.ru/vol2418/part241884/241884704/images/big/24.webp"
https://www.wildberries.ru/catalog/505824484/detail.aspx,Куртка демисезонная осенняя оверсайз черная короткая,3,"https://basket-27.wbbasket.ru/vol5058/part505824/505824484/images/big/1.webp
https://basket-27.wbbasket.ru/vol5058/part505824/505824484/images/big/2.webp
https://basket-27.wbbasket.ru/vol5058/part505824/505824484/images/big/3.webp
https://basket-27.wbbasket.ru/vol5058/part505824/505824484/images/big/4.webp
https://basket-27.wbbasket.ru/vol5058/part505824/505824484/images/big/5.webp
https://basket-27.wbbasket.ru/vol5058/part505824/505824484/images/big/6.webp
https://basket-27.wbbasket.ru/vol5058/part505824/505824484/images/big/7.webp
https://basket-27.wbbasket.ru/vol5058/part505824/505824484/images/big/8.webp
https://basket-27.wbbasket.ru/vol5058/part505824/505824484/images/big/9.webp
https://basket-27.wbbasket.ru/vol5058/part505824/505824484/images/big/10.webp
https://basket-27.wbbasket.ru/vol5058/part505824/505824484/images/big/11.webp
https://basket-27.wbbasket.ru/vol5058/part505824/505824484/images/big/12.webp
https://basket-27.wbbasket.ru/vol5058/part505824/505824484/images/big/13.webp
https://basket-27.wbbasket.ru/vol5058/part505824/505824484/images/big/14.webp
https://basket-27.wbbasket.ru/vol5058/part505824/505824484/images/big/15.webp"
https://www.wildberries.ru/catalog/507628825/detail.aspx,Куртка замшевая бомбер осенний короткий на молнии,3,"https://basket-27.wbbasket.ru/vol5076/part507628/507628825/images/big/1.webp
https://basket-27.wbbasket.ru/vol5076/part507628/507628825/images/big/2.webp
https://basket-27.wbbasket.ru/vol5076/part507628/507628825/images/big/3.webp
https://basket-27.wbbasket.ru/vol5076/part507628/507628825/images/big/4.webp
https://basket-27.wbbasket.ru/vol5076/part507628/507628825/images/big/5.webp
https://basket-27.wbbasket.ru/vol5076/part507628/507628825/images/big/6.webp
https://basket-27.wbbasket.ru/vol5076/part507628/507628825/images/big/7.webp
https://basket-27.wbbasket.ru/vol5076/part507628/507628825/images/big/8.webp
https://basket-27.wbbasket.ru/vol5076/part507628/507628825/images/big/9.webp
https://basket-27.wbbasket.ru/vol5076/part507628/507628825/images/big/10.webp
https://basket-27.wbbasket.ru/vol5076/part507628/507628825/images/big/11.webp"
https://www.wildberries.ru/catalog/115923810/detail.aspx,Куртка демисезонная Оверсайз с капюшоном,2,"https://basket-08.wbbasket.ru/vol1159/part115923/115923810/images/big/1.webp
https://basket-08.wbbasket.ru/vol1159/part115923/115923810/images/big/2.webp
https://basket-08.wbbasket.ru/vol1159/part115923/115923810/images/big/3.webp
https://basket-08.wbbasket.ru/vol1159/part115923/115923810/images/big/4.webp
https://basket-08.wbbasket.ru/vol1159/part115923/115923810/images/big/5.webp
https://basket-08.wbbasket.ru/vol1159/part115923/115923810/images/big/6.webp
https://basket-08.wbbasket.ru/vol1159/part115923/115923810/images/big/7.webp
https://basket-08.wbbasket.ru/vol1159/part115923/115923810/images/big/8.webp
https://basket-08.wbbasket.ru/vol1159/part115923/115923810/images/big/9.webp
https://basket-08.wbbasket.ru/vol1159/part115923/115923810/images/big/10.webp"
